https://apitest.censhare.globus.ch/image/276531/webp,541368_0.webp

https://apitest.censhare.globus.ch/image/273443/webp,541368_1.webp

https://apitest.censhare.globus.ch/image/276532/webp,541378_0.webp

https://apitest.censhare.globus.ch/image/273441/webp,541378_1.webp

https://apitest.censhare.globus.ch/image/29668/webp,541663_0.webp

https://apitest.censhare.globus.ch/image/24969/webp,541663_1.webp

https://apitest.censhare.globus.ch/image/29670/webp,541688_0.webp

https://apitest.censhare.globus.ch/image/25005/webp,541688_1.webp
